Company,URL,Title
Amazon,https://www.indeed.com/viewjob?jk=5bfcbca93fc77b4e&tk=1d38nkg191frb000&from=vjnewtab,Data Scientist
Amazon,https://www.indeed.com/viewjob?jk=e28d33b244bdc4dc&tk=1d38nlef51frb001&from=vjnewtab,"Data Scientist, Alexa Shopping NLU"
EventBrite,https://www.indeed.com/viewjob?jk=09c18d00b1057941&tk=1d38no19q1frb000&from=vjnewtab,Data Scientist
Harnham,https://www.indeed.com/viewjob?jk=bc99fd9c29b0f4d1&tk=1d38npbj21frb004&from=vjnewtab,Data Scientist - Global Retailer
Canopy Health,https://www.indeed.com/viewjob?jk=8d51798afdc418c8&tk=1d38nqavf1frb001&from=vjnewtab,Data Scientist
Punnch,https://www.indeed.com/viewjob?jk=6568a50d093e79fc&tk=1d38nr93f1frb000&from=vjnewtab,Data Science/Machine Learning Intern - Summer 2019
Splunk,https://www.indeed.com/viewjob?jk=ccef88387ab1efe6&tk=1d38ns4ea1frb001&from=vjnewtab,Machine Learning Intern (Summer 2019)
Yelp,https://www.indeed.com/viewjob?jk=552bbb6e2b67ca83&tk=1d38nu17v1frb000&from=vjnewtab,Data Science Manager
DISH Network,https://www.indeed.com/viewjob?jk=2d7cd366ef39e323&tk=1d38nustm1frb001&from=vjnewtab,Lead Data Scientist
Capital One,https://www.indeed.com/viewjob?jk=83d97c6d82f8815c&tk=1d38o24im1frb000&from=vjnewtab,Data Scientist
Microsoft,https://www.indeed.com/viewjob?jk=e61f522102fa5263&tk=1d38o33l01frb000&from=vjnewtab,Data Scientist
Apple,https://www.indeed.com/viewjob?jk=c69bc0cf0f53aadf&tk=1d38o8lkl1frb001&from=vjnewtab,"Data Scientist, Apple Books Analytics - Business & Marketing"
Gusto,https://www.indeed.com/viewjob?jk=4b4ac81b9d40ff03&tk=1d38ocv7a1frb000&from=vjnewtab,"Data Scientist, Models and Algorithms"
Verizon,https://www.indeed.com/viewjob?jk=91c34c0debd3e70e&tk=1d38odljf1frb001&from=vjnewtab,Data Scientist – Predictive & Prescriptive Analytics
SoFi,https://www.indeed.com/viewjob?jk=aa93486955494466&tk=1d38oeeam1frb003&from=vjnewtab,"Data Scientist, Modeler (Marketing)"
Roblox,https://www.indeed.com/viewjob?jk=1d021c97d8335e54&tk=1d38off6q1frb000&from=vjnewtab,Data Scientist - Payments/Fraud
Stanza,https://www.indeed.com/viewjob?jk=a23dc121aa305a80&tk=1d38og9hd1frb000&from=vjnewtab,Data Scientist
AutoDesk,https://www.indeed.com/viewjob?jk=3abf3e84a3e09a03&tk=1d38oh1l91frb000&from=vjnewtab,Data Scientist
Northrop Grumman,https://www.indeed.com/viewjob?jk=092c3d8d133db164&tk=1d38ohqid1frb000&from=vjnewtab,Data Scientist
WeWork,https://www.indeed.com/viewjob?jk=7ad0cecab93c6f73&tk=1d38oiktg1frb000&from=vjnewtab,Principal Data Scientist
Harnham US,https://www.indeed.com/viewjob?jk=e48f7a3587f967e9&tk=1d38ojjpg1frb000&from=vjnewtab,Quantitative Data Scientist
HersheyCareers,https://www.indeed.com/viewjob?jk=b1c8753579980858&tk=1d38ok8u01frb000&from=vjnewtab,Data Scientist HR Analytics
TiVo,https://www.indeed.com/viewjob?jk=30af0f427e2658c8&tk=1d38oktad1frb002&from=vjnewtab,Staff Data Scientist
"Niantic, Inc.",https://www.indeed.com/viewjob?jk=1442b34e35c11b28&tk=1d38olr441frb001&from=vjnewtab,Data Scientist
ClassDojo,https://www.indeed.com/viewjob?jk=ee83e5c4001c5c30&tk=1d38omeqc1frb000&from=vjnewtab,Data Scientist
Roblox,https://www.indeed.com/viewjob?jk=152958d516396460&tk=1d38on0jt1frb000&from=vjnewtab,Data Scientist - Ads/Subscriptions
Unity Technologies,https://www.indeed.com/viewjob?jk=636565b6db8a0ccc&tk=1d38oo0pf1frb002&from=vjnewtab,"Data Scientist, Game Economy Optimization"
Pinterest,https://www.indeed.com/viewjob?jk=e6ae2945a2be55f9&tk=1d38ooqv01frb000&from=vjnewtab,"Data Scientist, Experimentation (Statistics)"
Airbus UTM,https://www.indeed.com/viewjob?jk=16b94bb31cf6d0b6&tk=1d38opf2k1frb000&from=vjnewtab,Data Scientist
States Title,https://www.indeed.com/viewjob?jk=5e364920c1dc4f3b&tk=1d38oq3vv1frb000&from=vjnewtab,Data Scientist
Invitae,https://www.indeed.com/viewjob?jk=d2065507b45d1d0b&tk=1d38oqmb41frb001&from=vjnewtab,Data Scientist
Akamai,https://www.indeed.com/viewjob?jk=8f51116ee4435cf6&tk=1d38orb2k1frb000&from=vjnewtab,Senior Data Scientist
HersheyCareers,https://www.indeed.com/viewjob?jk=b1c8753579980858&tk=1d38os6tu1frb001&from=vjnewtab,Data Scientist HR Analytics
Cerego LLC,https://www.indeed.com/viewjob?jk=10ebccbb5ecb73e9&tk=1d38osu8v1frb000&from=vjnewtab,Data Scientist
Chime,https://www.indeed.com/viewjob?jk=b43f1cdbeef88f0c&tk=1d38otdrm1frb001&from=vjnewtab,Data Scientist
Nextdoor,https://www.indeed.com/viewjob?jk=7029e1f472135080&tk=1d38ou1fd1frb000&from=vjnewtab,Data Scientist
Trilogy Ed,https://www.indeed.com/viewjob?jk=2c655d2eaeaf2d07&tk=1d38ouef71frb000&from=vjnewtab,Data Scientist
Metromile,https://www.indeed.com/viewjob?jk=fa11c6432e45c707&tk=1d38ouvg11frb003&from=vjnewtab,Data Scientist
MasterClass,https://www.indeed.com/viewjob?jk=5842a86b26f1647a&tk=1d38ovhp41frb001&from=vjnewtab,Data Scientist
Liberty Mutual,https://www.indeed.com/viewjob?jk=63eb657a3aad9637&tk=1d38p01381frb001&from=vjnewtab,"Data Scientist, Distribution Insights, Global Retail Markets"
Thorn,https://www.indeed.com/viewjob?jk=231feffbbeca1500&tk=1d38p0jf71frb001&from=vjnewtab,Data Scientist
San Francisco Giants,https://www.indeed.com/viewjob?jk=b9e62a6b2608e8af&tk=1d38p12gr1frb004&from=vjnewtab,Data Scientist
Optimizely,https://www.indeed.com/viewjob?jk=7cf259d616b99bc1&tk=1d38p24it1frb000&from=vjnewtab,Data Scientist - Statistical Inference
TiVo,https://www.indeed.com/viewjob?jk=30af0f427e2658c8&tk=1d38p2n181frb002&from=vjnewtab,Staff Data Scientist
Google,https://www.indeed.com/viewjob?jk=02679a29f39e8773&tk=1d38p3kgn1frb000&from=vjnewtab,"Data Scientist, Google Cloud, Revenue Acceleration"
Paradigm,https://www.indeed.com/viewjob?jk=edaab9012cac5413&tk=1d38p44tm1frb000&from=vjnewtab,People Data Scientist
Kelvin Inc.,https://www.indeed.com/viewjob?jk=5ece6662a69f9700&tk=1d38p4mcu1frb003&from=vjnewtab,Data Scientist - Statistician
Bold Metrics,https://www.indeed.com/viewjob?jk=3f8c7a77798ec4d9&tk=1d38p5bcr1frb001&from=vjnewtab,Data Scientist
IBM,https://www.indeed.com/viewjob?jk=a387e307cd69bbbd&tk=1d38p5rve1frb000&from=vjnewtab,Data Scientist
Samba TV,https://www.indeed.com/viewjob?jk=38bcc426560cc1db&tk=1d38p68ma1frb000&from=vjnewtab,Data Scientist
DecisionLogic,https://www.indeed.com/viewjob?jk=dfb02687ff85ab14&tk=1d38p6s2m1frb001&from=vjnewtab,Data Scientist
